eta_star,replicate,seed,n_events,eta_hat_self,eta_hat_cross,beta_hat,tau_hat,mu_converged,hawkes_converged
0.0,0,5694,4146,1.4771743408230692e-07,0.03925424906163249,0.13148388217760487,7.605494935487432,True,True
0.0,1,5695,4109,1.3605498527704002e-10,0.03285855430891958,0.17632304492648612,5.671408410720942,False,False
0.0,2,5696,4163,9.170666504271712e-05,0.03209923925125263,0.29821486873847103,3.3532868573262915,False,False
0.0,3,5697,4110,7.188989531195483e-08,0.032216573173959664,0.4506456248597864,2.2190385190384116,True,True
0.0,4,5698,4109,2.537261836453691e-12,0.04226035581820203,0.214954588600711,4.652145397359023,True,True
0.0,5,5699,4002,2.423189193086085e-08,0.10699195365332777,0.1384843847573819,7.2210307447439135,True,True
0.0,6,5700,4101,1.3254558999620344e-08,0.02728512462749187,0.9995766719618929,1.0004235073206302,True,True
0.0,7,5701,4160,3.337806820659492e-08,0.0687152824215317,0.05348278531063688,18.697605111473425,True,True
0.0,8,5702,4097,4.753663932765461e-10,0.0767082695423836,0.14290863252065603,6.997477915516824,False,False
0.0,9,5703,4014,0.007916449668765101,0.017711212168701657,0.9987034901945883,1.0012981929252687,False,False
0.0,10,5704,4157,6.542300682681056e-23,0.06543827012206281,0.2507607279317819,3.9878652779794317,True,True
0.0,11,5705,4104,1.569977674155888e-62,1.3366623995283328e-55,0.050000004968346404,19.999998012661635,True,True
0.0,12,5706,4254,7.451955902663785e-06,0.07578757109603644,0.06782538652513306,14.743742000341488,False,False
0.0,13,5707,4036,1.99213711489219e-16,0.06874809360680893,0.19466203783787425,5.13710845271669,True,True
0.0,14,5708,4097,2.2533731079079545e-07,0.03394944559608867,0.37028470521545304,2.7006246434568295,True,True
0.1,0,100005994,4522,0.04959480486170663,0.059074962113276897,0.3269542132300458,3.0585322333693172,True,True
0.1,1,100005995,4686,0.06693471481430961,0.0472221893934495,0.21154585237043835,4.7271075693268525,True,True
0.1,2,100005996,4529,0.03416660070776512,0.04586733391618904,0.267756876205764,3.7347313509570776,True,True
0.1,3,100005997,4547,0.03850992003732665,0.04289755563980067,0.45282297009363304,2.2083685370316433,True,True
0.3,0,300006594,5946,0.24689708553680503,0.04118809083759919,0.20240947645246007,4.940480147108478,True,True
0.3,1,300006595,5723,0.22917681224687741,0.009052812211657019,0.2826543356098408,3.537890186055169,False,False
0.3,2,300006596,5747,0.22896758770959222,0.03512088318283564,0.2849242847693589,3.509704344118937,True,True
0.3,3,300006597,5678,0.25091134238221613,0.037960396398560886,0.2780384722102158,3.5966245679983904,True,True
