prob,theoretical,empirical
0.0025,0.0025031302181185303,0.0016004868875826527
0.0075,0.007528266420791574,0.008380377450705181
0.0125,0.01257878220686012,0.011990088319985251
0.0175,0.01765493523872075,0.02017474222216643
0.0225,0.022756987122616215,0.02524752201669732
0.0275,0.027885203489535694,0.03246243048777561
0.0325,0.03303985407820018,0.037532591072178934
0.0375,0.03822121282019776,0.04515442849165117
0.0425,0.043429557927336,0.05104341258428321
0.0475,0.04866517198128102,0.05619735437706769
0.0525,0.05392834202555564,0.060620595271649265
0.0575,0.05921935965997123,0.06464641200772839
0.0625,0.06453852113757118,0.06936715858590581
0.0675,0.06988612746416645,0.07409474236240927
0.0725,0.07526248450054684,0.07929166008362917
0.0775,0.0806679030674548,0.08374674067487076
0.0825,0.08610269905341172,0.08944346616620566
0.0875,0.09156719352549048,0.09395935162721761
0.0925,0.09706171284313121,0.09900894830223145
0.0975,0.10258658877510107,0.10305372014733165
0.1025,0.10814215861970311,0.10994199292786445
0.1075,0.1137287653283429,0.11544346163298094
0.1125,0.11934675763256619,0.12059751910525641
0.1175,0.12499649017468521,0.12448457297442882
0.1225,0.13067832364211618,0.1307115906773463
0.1275,0.13639262490555482,0.13780050028439841
0.1325,0.1421397671611228,0.14239316625420978
0.1375,0.14792013007662225,0.14758251405062872
0.1425,0.15373409994204207,0.15354049528272184
0.1475,0.15958206982446518,0.15923746284798646
0.1525,0.16546443972753172,0.16679468411144946
0.1575,0.17138161675562028,0.17205959075772825
0.1625,0.17733401528291556,0.17930894850170892
0.1675,0.18332205712753818,0.18522439675448055
0.1725,0.18934617173091906,0.19179253698077095
0.1775,0.1954067963426101,0.19605641212395664
0.1825,0.2015043762107286,0.20280817363416553
0.1875,0.20763936477824452,0.209430309569061
0.1925,0.21381222388532545,0.21383919006801885
0.1975,0.22002342397796615,0.218863377652027
0.2025,0.22627344432313742,0.225549527773695
0.2075,0.23256277323070135,0.23131861715267932
0.2125,0.2388919082823489,0.23642204168602893
0.2175,0.24526135656782877,0.2433659759524141
0.2225,0.25167163492874783,0.24790301012049407
0.2275,0.2581232702102365,0.2563463045971638
0.2325,0.2646167995207849,0.26046479630510283
0.2375,0.27115277050057035,0.2636048773407853
0.2425,0.27773174159861286,0.2674622331137038
0.2475,0.28435428235910626,0.27353940259499154
0.2525,0.2910209737172956,0.2790609427093202
0.2575,0.29773240830528236,0.28578265377262646
0.2625,0.30448919076816217,0.29308034939855754
0.2675,0.3112919380909147,0.302058015613243
0.2725,0.3181412799364895,0.30765374656739886
0.2775,0.3250378589955499,0.31222459558788523
0.2825,0.33198233134836086,0.31873473709232547
0.2875,0.33897536683933144,0.32761525105671074
0.2925,0.34601764946474434,0.33423160809960833
0.2975,0.3531098777742362,0.33910822825897624
0.3025,0.36025276528661637,0.3430820132147137
0.3075,0.3674470409206435,0.34983712056759353
0.3125,0.3746934494414107,0.356742586352683
0.3175,0.38199275192302223,0.3632953537926418
0.3225,0.3893457262282811,0.3677392796605778
0.3275,0.3967531675061429,0.37247151363298997
0.3325,0.4042158887077325,0.37784950683576957
0.3375,0.4117347211217598,0.38782670602903535
0.3425,0.4193105149302175,0.3954966895011813
0.3475,0.42694413978528845,0.4056709982749516
0.3525,0.4346364854084443,0.4125579032638908
0.3575,0.44238846221276207,0.42043505870269776
0.3625,0.4502010019495559,0.4263693540921518
0.3675,0.45807505838046164,0.43262203196534676
0.3725,0.46601160797619817,0.44187117757366223
0.3775,0.4740116506432743,0.4494878069169315
0.3825,0.4820762104800049,0.4561459183795032
0.3875,0.4902063365632549,0.4637280992570526
0.3925,0.49840310376743363,0.47368530559117644
0.3975,0.5066676136173269,0.4814724695989958
0.4025,0.5150009951764715,0.48762182319029446
0.4075,0.5234044059728508,0.49536109269029205
0.4125,0.531879032963823,0.5063792377397996
0.4175,0.5404260935422814,0.5120994353727236
0.4225,0.5490468365861885,0.5202251416319765
0.4275,0.5577425435537423,0.5286238843919817
0.4325,0.5665145296265793,0.534444140584553
0.4375,0.5753641449035618,0.5427323040372106
0.4425,0.5842927756478632,0.5520550204253926
0.4475,0.5933018455902291,0.5646868192253457
0.4525,0.6023928172914812,0.5755017963067123
0.4575,0.6115671935675224,0.5844879118041998
0.4625,0.6208265189803193,0.5907792366878581
0.4675,0.6301723813985569,0.6013723994214776
0.4725,0.6396064136319154,0.6091374754825054
0.4775,0.649130295143171,0.6218850846798558
0.4825,0.6587457538426128,0.6339947914011972
0.4875,0.6684545679695739,0.6408421731260647
0.4925,0.6782585680661946,0.6475608547239355
0.4975,0.6881596390489063,0.652276268294935
0.5025,0.6981597223834894,0.6643810501699826
0.5075,0.7082608183699933,0.6723330636922832
0.5125,0.7184649885442351,0.6863019544089208
0.5175,0.7287743582030963,0.6949100006646663
0.5225,0.739191119061352,0.7082744719612872
0.5275,0.7497175320483396,0.7160100052137555
0.5325,0.7603559302533953,0.7257031748948207
0.5375,0.7711087220296571,0.7348846794423031
0.5425,0.781978394266561,0.7418582848201949
0.5475,0.7929675158421562,0.7474626435128336
0.5525,0.804078741267227,0.7563348160664369
0.5575,0.8153148145341529,0.7670124726766167
0.5625,0.8266785731844679,0.7791823939856688
0.5675,0.8381729526102031,0.7887683937501929
0.5725,0.8498009906053222,0.796472977733591
0.5775,0.8615658321849086,0.8035305745713298
0.5825,0.8734707346912269,0.8133405890694142
0.5875,0.8855190732074014,0.8257610962224934
0.5925,0.8977143463012197,0.8396413057663038
0.5975,0.910060182123519,0.8602625550561813
0.6025,0.9225603448877505,0.8728326952054658
0.6075,0.935218741759674,0.8835324172956368
0.6125,0.9480394301887355,0.8948190960091893
0.6175,0.9610266257155466,0.9054169200988094
0.6225,0.9741847102930578,0.9290845524153138
0.6275,0.9875182411625227,0.9412828371599866
0.6325,1.0010319603292455,0.9532063886157235
0.6375,1.0147308046874075,0.961268913486273
0.6425,1.0286199168480745,0.9741345590892917
0.6475,1.0427046567298137,0.9899522359136598
0.6525,1.0569906139772902,1.0035950449448425
0.6575,1.071483621279857,1.0197493571604452
0.6625,1.0861897686695525,1.030499181876401
0.6675,1.1011154188862282,1.0421557554285379
0.6725,1.1162672239068303,1.0543527566127997
0.6775,1.1316521427463098,1.0719359157613477
0.6825,1.1472774606493907,1.0853834572404084
0.6875,1.1631508098056809,1.0976836617633863
0.6925,1.1792801917355644,1.1121631374734449
0.6975,1.195674001511241,1.1354042029775933
0.7025,1.2123410539964528,1.1565341573466184
0.7075,1.2292906123102258,1.170786516020013
0.7125,1.246532418744732,1.1877297471899382
0.7175,1.2640767283956416,1.201132437601571
0.7225,1.281934345795648,1.2204709768009734
0.7275,1.3001166648788385,1.2394503546549833
0.7325,1.318635712646076,1.2528833647820985
0.7375,1.3375041969504589,1.2686334624388684
0.7425,1.3567355588783465,1.2902696454451923
0.7475,1.3763440302667227,1.3106827715569074
0.7525,1.396344696973392,1.3265286027411296
0.7575,1.416753568604599,1.3524589448093869
0.7625,1.437587655507441,1.3694379941664994
0.7675,1.4588650539547259,1.3899436779516499
0.7725,1.4806050405911317,1.4120235428389452
0.7775,1.502828177375842,1.4282637176174375
0.7825,1.5255564284533982,1.4508319847309994
0.7875,1.5488132906176655,1.4711034199648063
0.7925,1.572623939311384,1.487114307476535
0.7975,1.5970153924355432,1.5100732443543525
0.8025,1.6220166946409604,1.5343619599782752
0.8075,1.647659125254298,1.5537447755807856
0.8125,1.6739764335716716,1.57503489836707
0.8175,1.701005105959591,1.600291270732652
0.8225,1.7287846700666667,1.6374591246935517
0.8275,1.7573580425107227,1.6605513049879408
0.8325,1.786771927717016,1.6886463713663984
0.8375,1.817077277212345,1.7276244393279832
0.8425,1.8483298207164496,1.7519084302454044
0.8475,1.880590682934671,1.7879960554278111
0.8525,1.9139271032022627,1.8161387909998992
0.8575,1.948413279273432,1.8545030063252257
0.8625,1.9841313618755114,1.8812834519834558
0.8675,2.0211726335558606,1.9108058069978155
0.8725,2.0596389143836564,1.9560601895447927
0.8775,2.099644248997355,1.985578078451242
0.8825,2.141316945397923,2.0297967706200577
0.8875,2.1848020573376616,2.0722102287442064
0.8925,2.2302644314144193,2.122684479740133
0.8975,2.2778924804036738,2.1602302153909285
0.9025,2.3279029009783354,2.206986079701956
0.9075,2.3805466344637574,2.2650352417238646
0.9125,2.436116485618568,2.3364125884134235
0.9175,2.4949569856415015,2.40266561431998
0.9225,2.5574773426228354,2.4404586102629855
0.9275,2.624168717121508,2.492067471806977
0.9325,2.695627681103653,2.544165908262012
0.9375,2.772588722239781,2.600790810351801
0.9425,2.8559703311788325,2.6679268233906535
0.9475,2.946942109384559,2.731525500568711
0.9525,3.047025567941542,2.8478450607546355
0.9575,3.1582512030517664,2.934941327353223
0.9625,3.2834143460057725,3.0428962663444237
0.9675,3.426515189646446,3.1574166565543447
0.9725,3.5935692743096124,3.276849601389045
0.9775,3.7942399697717644,3.416912657816052
0.9825,4.045554398052671,3.532488709628394
0.9875,4.382026634673885,3.8056167994993566
0.9925,4.892852258439879,4.486657063523818
0.9975,5.991464547108003,5.7263638954405245
