tau_minutes,eta_self,eta_cross,loglik,delta_loglik_vs_best
2.0,0.00021493976128504448,1.575520721981656e-05,-28117.452900877288,-8.798071548735606
3.0,0.025016048588679222,5.2696398359664224e-08,-28113.684679921338,-5.029850592785806
4.0,0.033126047463556185,1.0817149956705747e-08,-28112.460042258095,-3.805212929542904
5.0,0.039802561726448554,5.730443976684436e-07,-28111.67715784737,-3.02232851881854
6.0,0.04547087158739292,0.0,-28111.16321995738,-2.5083906288273283
8.0,0.054973968108067976,0.0,-28110.590107954795,-1.935278626242507
10.0,0.06292937362559932,7.294727316097675e-12,-28110.309705005875,-1.654875677322707
14.0,0.0766326116749271,1.4049925266086483e-07,-28110.025107425354,-1.370278096801485
20.0,0.09503214895222413,3.755985583358928e-08,-28109.706055604147,-1.0512262755946722
30.0,0.12369251604798501,0.0,-28109.200862432393,-0.5460331038411823
45.0,0.16397787569940167,5.714247194437532e-07,-28108.654829328552,0.0
