gap_s,n,empirical_density,baseline_density,excess_ratio
1.0,524,0.0068654682668623235,0.004352853029210524,1.5772341084779313
3.0,1244,0.01629893611445941,0.0043192653611420365,3.773543589401019
5.0,346,0.004533305382317489,0.004285936863654019,1.057716323532721
7.0,195,0.0025548975420575442,0.004252865536923511,0.6007473125768601
9.0,141,0.0018473874534877628,0.004220049396558669,0.4377644145573877
11.0,134,0.0017556731827472354,0.0041874864734797014,0.419266591991714
13.0,104,0.0013626120224306901,0.00415517481380071,0.32793133465889446
15.0,106,0.0013888160997851265,0.004123112478712454,0.3368368209588159
17.0,116,0.0015198364865573082,0.004091297544366015,0.37148031158237876
19.0,113,0.0014805303705256539,0.004059728101757357,0.3646870759361368
21.0,107,0.0014019181384623447,0.0040284022566127835,0.3480084780910447
23.0,122,0.0015984487186206174,0.003997318129275272,0.39988028646357
25.0,166,0.002174938420418217,0.003966473854591686,0.5483304567608471
27.0,223,0.002921754625019653,0.003935867581800868,0.7423406820213183
29.0,213,0.0027907342382474712,0.0039054974744225754,0.714565623591929
31.0,203,0.0026597138514752898,0.0038753617101472968,0.6863137044759102
33.0,219,0.0028693464703107804,0.0038454584807268996,0.7461649851875123
35.0,227,0.002974162779728526,0.0038157859918661326,0.779436474180774
37.0,226,0.0029610607410513077,0.003786342463114961,0.7820372219092121
39.0,189,0.002476285309994235,0.003757126127761734,0.6590902795880996
41.0,204,0.0026728158901525075,0.0037281352327271752,0.7169310454967888
43.0,173,0.0022666526911587445,0.0036993680384591935,0.6127134871670723
45.0,203,0.0026597138514752898,0.0036708228188285013,0.7245552244671142
47.0,179,0.002345264923222053,0.0036424978610250435,0.6438617159714863
49.0,173,0.0022666526911587445,0.0036143914654552223,0.6271187592219666
51.0,149,0.001952203762905508,0.003586501945639916,0.5443197278280548
53.0,174,0.0022797547298359627,0.0035588276281132833,0.6405915003656913
55.0,140,0.0018342854148105446,0.0035313668523223505,0.5194264689901176
57.0,141,0.0018473874534877628,0.0035041179705273743,0.5272046971665536
59.0,150,0.001965305801582726,0.0034770793477029685,0.5652174152657886
61.0,160,0.002096326188354908,0.0034502493614399997,0.6075868636578728
63.0,136,0.0017818772601016718,0.0034236264018482365,0.520464867060182
65.0,140,0.0018342854148105446,0.0033972088714597486,0.5399389570127814
67.0,145,0.0018997956081966353,0.003370995185133058,0.5635711426035892
69.0,149,0.001952203762905508,0.0033449837699580194,0.58362129599511
71.0,138,0.0018080813374561082,0.0033191730651614447,0.5447384941851964
73.0,151,0.0019784078402599443,0.0032935615220134502,0.6006895049740822
75.0,184,0.002410775116608144,0.0032681476037345245,0.7376579668107225
77.0,156,0.002043918033646035,0.0032429297854033212,0.6302689755559522
79.0,170,0.00222734657512709,0.0032179065538651564,0.6921725469161728
81.0,132,0.001729469105392799,0.003193076407641213,0.5416309804720242
83.0,161,0.002109428227032126,0.0031684378568384484,0.6657628529716438
85.0,156,0.002043918033646035,0.0031439894230601956,0.6501033427957884
87.0,165,0.002161836381740999,0.003119729639317455,0.692956323681296
89.0,137,0.00179497929877889,0.0030956570499408678,0.5798379051107024
91.0,160,0.002096326188354908,0.0030717702104933746,0.6824488958170492
93.0,165,0.002161836381740999,0.0030480676876835405,0.7092481543229585
95.0,148,0.00193910172422829,0.003024548059279554,0.6411211480931743
97.0,138,0.0018080813374561082,0.003001209914023891,0.6024508079249651
99.0,143,0.001873591530842199,0.00297805185154863,0.6291332804927169
101.0,149,0.001952203762905508,0.0029550724822914277,0.660628047062902
103.0,153,0.0020046119176143806,0.002932270427412141,0.6836381456752404
105.0,155,0.002030815994968817,0.002909644318710092,0.697960222117156
107.0,141,0.0018473874534877628,0.002887192798541969,0.639855937026683
109.0,153,0.0020046119176143806,0.002864914519740366,0.6997109002037692
111.0,155,0.002030815994968817,0.0028428081455329464,0.7143696974978578
113.0,145,0.0018997956081966353,0.0028208723494622316,0.6734780496390809
115.0,151,0.0019784078402599443,0.002799105815306013,0.7067999464120489
117.0,145,0.0018997956081966353,0.0027775072369983682,0.6839930362340768
119.0,126,0.0016508568733294901,0.0027560753185512984,0.5989883013056572
121.0,171,0.002240448613804308,0.0027348087739769594,0.8192341033578913
123.0,177,0.002319060845867617,0.0027137063272105024,0.8545732537873569
125.0,136,0.0017818772601016718,0.002692766712033504,0.6617273052800207
127.0,144,0.0018866935695194171,0.0026719886719979878,0.7061008863142508
129.0,153,0.0020046119176143806,0.002651370960351035,0.7560661814554139
131.0,141,0.0018473874534877628,0.0026309123399599742,0.7021851034063219
133.0,133,0.0017425711440700173,0.002610611583238149,0.6674953697664084
135.0,139,0.0018211833761333264,0.002590467472071259,0.7030327135036996
137.0,128,0.0016770609506839265,0.002570478797744269,0.6524313494262767
139.0,147,0.0019259996855510717,0.00255064436086888,0.7551031869041036
141.0,128,0.0016770609506839265,0.0025309629713115666,0.6626177347094332
143.0,141,0.0018473874534877628,0.00251143344812216,0.735590845486702
145.0,142,0.001860489492164981,0.0024920546194629896,0.7465685052143424
147.0,124,0.0016246527959750537,0.0024728253225385663,0.6570026524587709
149.0,111,0.0014543262931712175,0.002453744403525815,0.5926967336457205
151.0,124,0.0016246527959750537,0.002434810717504837,0.667260409318379
153.0,140,0.0018342854148105446,0.0024160231283902145,0.7592168275444949
155.0,126,0.0016508568733294901,0.0023973805088628383,0.6886086156229532
157.0,144,0.0018866935695194171,0.002378881740302267,0.7931010346397837
159.0,161,0.002109428227032126,0.002360525712719606,0.8936264560328869
161.0,117,0.0015329385252345264,0.0023423113246909028,0.6544554983257047
163.0,112,0.0014674283318484357,0.00232423748329106,0.6313590338327196
165.0,152,0.0019915098789371624,0.0023063031040282535,0.8635074355399062
167.0,133,0.0017425711440700173,0.002288507110778862,0.7614444962231107
169.0,163,0.0021356323043865626,0.0022708484357228946,0.9404556776184458
171.0,123,0.0016115507572978356,0.0022533260192799166,0.7151875687357616
173.0,122,0.0015984487186206174,0.002235938810045474,0.7148892945724702
175.0,150,0.001965305801582726,0.002218685764728004,0.8857972736953398
177.0,131,0.0017163670667155809,0.002201565848086234,0.7796119603724666
179.0,142,0.001860489492164981,0.0021845780328670623,0.8516470751668485
