gap_s,n,empirical_density,baseline_density,excess_ratio,rule,definition
1.0,806,0.001544457772684942,0.010262700653597578,0.15049233382282606,strict,final_third
3.0,4368,0.008369964703582911,0.010025714711310313,0.8348496785112487,strict,final_third
5.0,6917,0.013254360314716804,0.009794201240523234,1.3532864997583733,strict,final_third
7.0,7949,0.0152318794479809,0.009568033871106408,1.5919550090618093,strict,final_third
9.0,7931,0.015197387835191409,0.009347089151064733,1.6258952481971636,strict,final_third
11.0,7633,0.014626360023454297,0.009131246479152477,1.6017922697462716,strict,final_third
13.0,7031,0.013472807195716908,0.008920388039043863,1.5103386911810843,strict,final_third
15.0,6279,0.012031824261400436,0.008714398735023795,1.3806832378513585,strict,final_third
17.0,5954,0.011409059030479089,0.008513166129163599,1.3401663796263783,strict,final_third
19.0,5544,0.010623416739162927,0.008316580379947513,1.2773779911726137,strict,final_third
21.0,5220,0.010002567708952106,0.008124534182316411,1.231155840383238,strict,final_third
23.0,4961,0.009506271724925556,0.007936922709096015,1.197727642481765,strict,final_third
25.0,4914,0.009416210291530776,0.0077536435537776775,1.2144239319517176,strict,final_third
27.0,4863,0.009318484055293888,0.007574596674620439,1.2302284142093725,strict,final_third
29.0,4888,0.009366389073057068,0.007399684340043901,1.2657822472737397,strict,final_third
31.0,4535,0.008689970222240958,0.007228811075282067,1.2021299397289722,strict,final_third
33.0,4431,0.008490685348346128,0.007061883610269062,1.202325868979116,strict,final_third
35.0,4332,0.008300981478003932,0.006898810828728274,1.20324816610954,strict,final_third
37.0,4290,0.008220501048161789,0.0067395037184371205,1.219748722101471,strict,final_third
39.0,4115,0.007885165923819524,0.006583875322640302,1.1976481232420075,strict,final_third
41.0,3952,0.0075728252080035875,0.006431840692585021,1.1773962649189922,strict,final_third
43.0,3784,0.007250903488635014,0.006283316841152259,1.1539929740842603,strict,final_third
45.0,3586,0.006871495747950623,0.0061382226975587855,1.119460157527922,strict,final_third
47.0,3549,0.006800596321661116,0.005996479063105205,1.1340982349965063,strict,final_third
49.0,3427,0.006566819834976795,0.005858008567945854,1.1209986736635125,strict,final_third
51.0,3270,0.0062659763234240206,0.005722735628856973,1.094926750036774,strict,final_third
53.0,3172,0.006078188653792353,0.005590586407980091,1.0872184436888856,strict,final_third
55.0,3102,0.005944054604055447,0.005461488772518114,1.0883579279638136,strict,final_third
57.0,3163,0.0060609428473976075,0.005335372255362094,1.1359924963635497,strict,final_third
59.0,2953,0.005658540698186891,0.005212168016627226,1.085640501253164,strict,final_third
61.0,2869,0.005497579838502604,0.005091808806077033,1.07969094046526,strict,final_third
63.0,2830,0.005422848010792043,0.004974228926415264,1.0901886686385545,strict,final_third
65.0,2777,0.0053212893731341,0.004859364197425447,1.0950587683782553,strict,final_third
67.0,2760,0.005288713961055137,0.004747151920938537,1.1140814638200014,strict,final_third
69.0,2731,0.005233144140449847,0.0046375308466095255,1.128433279160994,strict,final_third
71.0,2601,0.0049840380480813086,0.004530441138484329,1.1001220180842548,strict,final_third
73.0,2608,0.004997451453054999,0.004425824342338732,1.1291572069971043,strict,final_third
75.0,2436,0.004667864930844316,0.004323623353771518,1.0796187708562808,strict,final_third
77.0,2432,0.0046602001280022076,0.004223782387034406,1.1033239170435147,strict,final_third
79.0,2322,0.004449418049844213,0.004126246944581759,1.0783208347931805,strict,final_third
81.0,2191,0.004198395756765147,0.004030963787323452,1.0415364608256301,strict,final_third
83.0,2247,0.004305702996554671,0.003937880905564661,1.0934060983079088,strict,final_third
85.0,2177,0.004171568946817765,0.0038469474906167025,1.0843841661454607,strict,final_third
87.0,2110,0.004043183499212442,0.0037581139070634447,1.075854431025415,strict,final_third
89.0,2043,0.003914798051607118,0.003671331665668135,1.0663155519877758,strict,final_third
91.0,2033,0.0038956360445018454,0.0035865533969058625,1.0861781809418005,strict,final_third
93.0,1944,0.0037250941812649223,0.0035037328251072124,1.0631787202983825,strict,final_third
95.0,1991,0.003815155614659702,0.0034228247431989886,1.114621957270894,strict,final_third
97.0,1915,0.0036695243606596328,0.003343784988028225,1.0974163631326939,strict,final_third
99.0,1824,0.0034951500960016557,0.0032665704162560187,1.0699754331356566,strict,final_third
101.0,1776,0.0034031724618963487,0.0031911388808080108,1.066444485498121,strict,final_third
103.0,1773,0.0033974238597647673,0.003117449207868683,1.089808889649078,strict,final_third
105.0,1756,0.0033648484476858044,0.0030454611744069,1.1048732047424983,strict,final_third
107.0,1584,0.003035261925475122,0.002975135486220419,1.0202096474372961,strict,final_third
109.0,1593,0.003052507731869867,0.0029064337564874095,1.050258835267244,strict,final_third
111.0,1602,0.003069753538264612,0.0028393184848132594,1.0811585789631868,strict,final_third
113.0,1550,0.0029701111013171965,0.0027737530367612155,1.070791473485058,strict,final_third
115.0,1506,0.0028857982700539984,0.0027097016238557254,1.0649874674938191,strict,final_third
117.0,1512,0.0028972954743171618,0.0026471292840475214,1.0945047118692783,strict,final_third
119.0,1427,0.002734418413922348,0.002586001862629816,1.0573922832142126,strict,final_third
121.0,1335,0.0025581279485538434,0.002526285993595176,1.0126042558282775,strict,final_third
123.0,1341,0.0025696251528170067,0.0024679490814229,1.0411986098738655,strict,final_third
125.0,1349,0.0025849547585012245,0.0024109592832869705,1.072168566437604,strict,final_third
127.0,1275,0.00244315590592221,0.002355285491674847,1.0373077550717125,strict,final_third
129.0,1250,0.002395250888159029,0.0023008973174076354,1.0410072931275784,strict,final_third
131.0,1189,0.0022783626448168687,0.0022477650730523507,1.0136124420346864,strict,final_third
133.0,1222,0.002341597268264267,0.0021958597567172215,1.0663692255852082,strict,final_third
135.0,1095,0.0020982397780273097,0.002145153036221199,0.978130577445174,strict,final_third
137.0,1101,0.002109736982290473,0.002095617233629017,1.0067377517396174,strict,final_third
139.0,1094,0.0020963235773167827,0.0020472253101433686,1.023982835172146,strict,final_third
141.0,1055,0.002021591749606221,0.0019999508513459567,1.0108207150419222,strict,final_third
143.0,1059,0.00202925655244833,0.001953768052779354,1.0386373907391866,strict,final_third
145.0,1080,0.002069496767369401,0.001908651705861804,1.0842715624928392,strict,final_third
147.0,971,0.001860630889921934,0.0018645771841272845,0.9978835447312429,strict,final_third
149.0,965,0.0018491336856587706,0.0018215204297833054,1.015159454389842,strict,final_third
151.0,934,0.0017897314636324266,0.001779457940579123,1.0057734003254721,strict,final_third
153.0,877,0.001680508023132375,0.0017383667569771857,0.9667166128133857,strict,final_third
155.0,929,0.0017801504600797905,0.0016982244496208188,1.048242156964154,strict,final_third
157.0,844,0.0016172733996849765,0.001659009107091308,0.9748429907780883,strict,final_third
159.0,869,0.0016651784174481572,0.0016206993239476903,1.027444383324678,strict,final_third
161.0,818,0.0015674521812112689,0.0015832741890427333,0.9900067796589102,strict,final_third
163.0,846,0.001621105801106031,0.0015467132741087224,1.0480971672271815,strict,final_third
165.0,814,0.00155978737836916,0.0015109966226068213,1.0322904466048133,strict,final_third
167.0,786,0.0015061337584743976,0.0014761047388339246,1.020343420660105,strict,final_third
169.0,781,0.0014965527549217616,0.0014420185772810563,1.037817943887748,strict,final_third
171.0,710,0.0013605025044743286,0.0014087195322374985,0.9657724432296428,strict,final_third
173.0,726,0.0013911617158427643,0.0013761894276349883,1.010879525672208,strict,final_third
175.0,737,0.0014122399236585637,0.0013444105071264256,1.0504529056955367,strict,final_third
177.0,687,0.0013164298881322026,0.0013133654243936879,1.0023332910107097,strict,final_third
179.0,661,0.0012666086696584947,0.0012830372336792538,0.9871955672138615,strict,final_third
1.0,428,0.003368858523684335,0.004651751806942669,0.7242128693659805,strict,box
3.0,1313,0.010334839349526942,0.004609546587852266,2.242051176305015,strict,box
5.0,1231,0.009689403837979945,0.004567724295580059,2.1212759814238042,strict,box
7.0,918,0.0072257292634164,0.0045262814558413205,1.5963941557570067,strict,box
9.0,672,0.005289422728775404,0.004485214625873414,1.1793020334551738,strict,box
11.0,511,0.0040221652000062965,0.0044445203941498,0.9049717052261841,strict,box
13.0,461,0.003628606961258127,0.004404195380096623,0.8238978174439026,strict,box
15.0,467,0.0036758339499079074,0.004364236233811884,0.8422628274403237,strict,box
17.0,408,0.0032114352281850667,0.004324639635787157,0.7425902499736331,strict,box
19.0,454,0.003573508807833383,0.004285402296631826,0.8338794261257653,strict,box
21.0,452,0.003557766478283456,0.0042465209567998236,0.837807352059929,strict,box
23.0,476,0.003746674432882578,0.004207992386318864,0.8903710104285989,strict,box
25.0,518,0.004077263353431041,0.0041698133845221065,0.9778047546601003,strict,box
27.0,591,0.004651858382003369,0.0041319807797822765,1.1258180107625007,strict,box
29.0,624,0.004911606819577161,0.0040944914292481895,1.1995645624001237,strict,box
31.0,555,0.0043684964501046865,0.004057342218583664,1.0766891760068589,strict,box
33.0,557,0.004384238779654613,0.0040205300617088095,1.090462877372746,strict,box
35.0,582,0.0045810178990286984,0.003984051900543651,1.149838911085367,strict,box
37.0,550,0.00432914062622987,0.003947904704754094,1.0965666473703604,strict,box
39.0,484,0.003809643751082285,0.003912085471500183,0.9738140382759547,strict,box
41.0,482,0.003793901421532358,0.0038765912251866497,0.9786694549796618,strict,box
43.0,418,0.003290146875934701,0.0038414190172157193,0.8564925776619434,strict,box
45.0,426,0.003353116194134408,0.0038065659257421683,0.8808769530191833,strict,box
47.0,441,0.003471183665758859,0.003772029055430594,0.9202430879373511,strict,box
49.0,388,0.003054011932685799,0.0037378055372148944,0.8170601445899184,strict,box
51.0,396,0.003116981250885506,0.003703892528059928,0.8415420337582413,strict,box
53.0,403,0.0031720794043102497,0.003670287210725335,0.8642591770586183,strict,box
55.0,375,0.0029516867906112746,0.0036369867935315,0.8115747892901195,strict,box
57.0,367,0.0028887174724115676,0.0036039885101276426,0.8015334855518886,strict,box
59.0,339,0.0026683248587125925,0.0035712896192620094,0.7471600299009045,strict,box
61.0,352,0.0027706500007871164,0.0035388874045541485,0.7829155562343133,strict,box
63.0,331,0.002605355540512885,0.0035067791742692564,0.7429482756226844,strict,box
65.0,342,0.0026919383530374826,0.003474962261094568,0.7746669318329681,strict,box
67.0,350,0.0027549076712371895,0.0034434340219177727,0.8000465970022803,strict,box
69.0,363,0.002857232813311714,0.003412191837607448,0.8373599578490115,strict,box
71.0,353,0.00277852116556208,0.0033812331127954817,0.8217478869017992,strict,box
73.0,326,0.002565999716638068,0.0033505552756614636,0.7658431231615753,strict,box
75.0,355,0.0027942634951120065,0.0033201557777190445,0.841606142056284,strict,box
77.0,323,0.002542386222313178,0.003290032093604221,0.7727542315637417,strict,box
79.0,353,0.00277852116556208,0.003260181720865551,0.8522595988374556,strict,box
81.0,334,0.002628969034837775,0.0032306021797562636,0.8137705878215313,strict,box
83.0,324,0.0025502573870881413,0.003201291013028269,0.7966340381769038,strict,box
85.0,342,0.0026919383530374826,0.00317224578572802,0.848590725582662,strict,box
87.0,321,0.002526643892763251,0.003143464084994237,0.8037769239434093,strict,box
89.0,313,0.0024636745745635438,0.0031149435198574668,0.7909211062280437,strict,box
91.0,285,0.0022432819608645686,0.0030866817210414587,0.7267616695211699,strict,box
93.0,302,0.0023770917620389467,0.0030586763407663407,0.777163549590662,strict,box
95.0,308,0.002424318750688727,0.0030309250525535846,0.7998610023848046,strict,box
97.0,334,0.002628969034837775,0.003003425551032739,0.8753235231463601,strict,box
99.0,277,0.0021803126426648617,0.0029761755517499176,0.7325887215836081,strict,box
101.0,295,0.002321993608614203,0.002949172790978022,0.7873372546083235,strict,box
103.0,303,0.00238496292681391,0.002922415025528689,0.8160931647216845,strict,box
105.0,302,0.0023770917620389467,0.002895900032565943,0.8208473135492524,strict,box
107.0,287,0.0022590242904144955,0.0028696256094215404,0.7872191699842929,strict,box
109.0,295,0.002321993608614203,0.0028435895734119864,0.816571290851961,strict,box
111.0,301,0.002369220597263983,0.0028177897616572145,0.8408081502399184,strict,box
113.0,292,0.0022983801142893124,0.002792224030900913,0.8231359979907266,strict,box
115.0,303,0.00238496292681391,0.002766890257332474,0.8619651323335188,strict,box
117.0,291,0.0022905089495143492,0.0027417863364105686,0.8354075294258659,strict,box
119.0,280,0.0022039261369897517,0.002716910182688314,0.8111884415733693,strict,box
121.0,315,0.0024794169041134706,0.002692259729640031,0.9209426849930937,strict,box
123.0,303,0.00238496292681391,0.0026678329294895714,0.89397012101137,strict,box
125.0,294,0.0023141224438392393,0.002643627753040207,0.8753586586379144,strict,box
127.0,299,0.002353478267714056,0.0026196421895060542,0.8983968410425607,strict,box
129.0,303,0.00238496292681391,0.002595874246345038,0.9187513340339623,strict,box
131.0,268,0.002109472159690191,0.002572321949093364,0.8200653734007486,strict,box
133.0,305,0.0024007052563638368,0.002548983341201493,0.9418285390724587,strict,box
135.0,298,0.002345607102939093,0.002525856483871608,0.928638312555181,strict,box
137.0,282,0.0022196684665396786,0.002502939455896553,0.8868246738092165,strict,box
139.0,260,0.0020465028414904836,0.0024802303535002334,0.8251261172585641,strict,box
141.0,254,0.0019992758528407035,0.0024577272901794615,0.8134652940663396,strict,box
143.0,250,0.0019677911937408497,0.0024354283965472446,0.807985649067173,strict,box
145.0,265,0.002085858665365301,0.002413331820177487,0.8643066187275887,strict,box
147.0,273,0.002148827983565008,0.002391435725451106,0.8985514269507144,strict,box
149.0,270,0.002125214489240118,0.00236973829340354,0.896814004802098,strict,box
151.0,284,0.0022354107960896054,0.002348237721573645,0.9519525112609,strict,box
153.0,250,0.0019677911937408497,0.0023269322238539587,0.8456590069829,strict,box
155.0,257,0.0020228893471655935,0.0023058200303423225,0.8772971526599476,strict,box
157.0,240,0.0018890795459912159,0.0022848993871948547,0.8267670587939618,strict,box
159.0,250,0.0019677911937408497,0.0022641685564802495,0.8691010164013003,strict,box
161.0,260,0.0020465028414904836,0.0022436258160354067,0.9121408868020386,strict,box
163.0,249,0.0019599200289658865,0.0022232694593223657,0.8815485773655408,strict,box
165.0,235,0.0018497237221163987,0.002203097795286538,0.8396012769264386,strict,box
167.0,218,0.001715913920942021,0.0021831091482162283,0.7859954791284978,strict,box
169.0,240,0.0018890795459912159,0.0021633018576034287,0.8732389977624276,strict,box
171.0,259,0.0020386316767155204,0.0021436742780058756,0.9509988050105869,strict,box
173.0,218,0.001715913920942021,0.002124224778910359,0.8077835914437524,strict,box
175.0,222,0.0017473985800418746,0.002104951744597271,0.8301371204954606,strict,box
177.0,221,0.0017395274152669112,0.002085853574006385,0.833964299769005,strict,box
179.0,220,0.0017316562504919478,0.0020669286806038497,0.8377919696706938,strict,box
1.0,2,6.472324341117382e-06,0.014125964810927077,0.00045818635595854977,tolerant,final_third
3.0,71,0.00022976751410966705,0.01384949456729862,0.016590317646117812,tolerant,final_third
5.0,285,0.000922306218609227,0.01357843533782991,0.06792433705816277,tolerant,final_third
7.0,610,0.0019740589240408017,0.013312681219354465,0.14828409780975169,tolerant,final_third
9.0,966,0.0031261326567596955,0.013052128381419047,0.23951133220617446,tolerant,final_third
11.0,1309,0.0042361362812613265,0.012796675025716969,0.3310341375980973,tolerant,final_third
13.0,1359,0.004397944389789261,0.012546221346315374,0.3505393590940325,tolerant,final_third
15.0,1407,0.004553280173976078,0.012300669490660943,0.3701652318544997,tolerant,final_third
17.0,1489,0.004818645471961891,0.01205992352134878,0.3995585430895813,tolerant,final_third
19.0,1418,0.004588877957852224,0.011823889378639556,0.38810224037974,tolerant,final_third
21.0,1476,0.004776575363744628,0.011592474843710253,0.4120410376681785,tolerant,final_third
23.0,1412,0.004569460984828872,0.011365589502624162,0.4020434649495167,tolerant,final_third
25.0,1475,0.00477333920157407,0.011143144711006045,0.4283655400130862,tolerant,final_third
27.0,1466,0.004744213742039041,0.010925053559408676,0.43425084520096613,tolerant,final_third
29.0,1451,0.004695671309480661,0.010711230839357218,0.43838764936583596,tolerant,final_third
31.0,1485,0.004805700823279656,0.010501593010058152,0.4576163653149461,tolerant,final_third
33.0,1525,0.004935147310102004,0.010296058165759816,0.4793239539491088,tolerant,final_third
35.0,1541,0.0049869259048309425,0.010094546003751708,0.49402181167706966,tolerant,final_third
37.0,1545,0.004999870553513178,0.009896977792990131,0.5051916512386746,tolerant,final_third
39.0,1558,0.00504194066173044,0.00970327634333787,0.5196121890511924,tolerant,final_third
41.0,1588,0.0051390255268472015,0.009513365975405925,0.540190037903795,tolerant,final_third
43.0,1640,0.0053073059597162535,0.009327172490985478,0.5690155258569151,tolerant,final_third
45.0,1633,0.005284652824522343,0.009144623144058558,0.577897278135063,tolerant,final_third
47.0,1674,0.005417335473515248,0.008965646612376093,0.6042325453734938,tolerant,final_third
49.0,1710,0.005533837311655362,0.008790172969592214,0.6295481705307197,tolerant,final_third
51.0,1664,0.005384973851809662,0.008618133657943956,0.6248422298308106,tolerant,final_third
53.0,1618,0.005236110391963962,0.008449461461465649,0.6196975293447522,tolerant,final_third
55.0,1654,0.005352612230104075,0.008284090479727562,0.6461315509774714,tolerant,final_third
57.0,1667,0.0053946823383213376,0.008121956102088537,0.6642097384562459,tolerant,final_third
59.0,1646,0.005326722932739605,0.007962994982452513,0.668934608709126,tolerant,final_third
61.0,1673,0.00541409931134469,0.007807145014519147,0.6934800495284705,tolerant,final_third
63.0,1677,0.005427043960026925,0.007654345307518806,0.7090147807541397,tolerant,final_third
65.0,1653,0.005349376067933516,0.007504536162422461,0.712819014014417,tolerant,final_third
67.0,1676,0.005423807797856366,0.00735765904861721,0.7371648729599274,tolerant,final_third
69.0,1697,0.005491767203438099,0.007213656581038304,0.7613014484046364,tolerant,final_third
71.0,1657,0.005362320716615751,0.007072472497748719,0.7581960507195559,tolerant,final_third
73.0,1711,0.00553707347382592,0.006934051637957563,0.7985336370319958,tolerant,final_third
75.0,1670,0.005404390824833014,0.006798339920468681,0.7949574290278254,tolerant,final_third
77.0,1635,0.00529112514886346,0.0066652843225510705,0.7938333749637156,tolerant,final_third
79.0,1616,0.005229638067622845,0.0065348328592228335,0.8002711286245183,tolerant,final_third
81.0,1590,0.005145497851188318,0.006406934562940584,0.8031138449503212,tolerant,final_third
83.0,1564,0.005061357634753793,0.006281539463686368,0.8057511481084444,tolerant,final_third
85.0,1587,0.005135789364676643,0.006158598569444318,0.8339217610574087,tolerant,final_third
87.0,1569,0.005077538445606586,0.006038063847059406,0.8409216222646263,tolerant,final_third
89.0,1480,0.004789520012426863,0.005919888203470843,0.8090558212938476,tolerant,final_third
91.0,1541,0.0049869259048309425,0.0058040254673127605,0.859218473956812,tolerant,final_third
93.0,1523,0.004928674985760886,0.005690430370874997,0.8661339590388524,tolerant,final_third
95.0,1552,0.005022523688707089,0.005579058532416954,0.9002457420949904,tolerant,final_third
97.0,1558,0.00504194066173044,0.005469866438827595,0.921766686283317,tolerant,final_third
99.0,1473,0.004766866877232952,0.005362811428624825,0.8888746025618338,tolerant,final_third
101.0,1478,0.004783047688085745,0.00525785167528759,0.9096961997932598,tolerant,final_third
103.0,1464,0.004737741417697923,0.005154946170914211,0.9190670980096194,tolerant,final_third
105.0,1465,0.004740977579868483,0.005054054710200549,0.9380542656769849,tolerant,final_third
107.0,1380,0.004465903795370993,0.004955137874731738,0.9012673124888113,tolerant,final_third
109.0,1372,0.004440014498006524,0.004858157017581368,0.9139298054670502,tolerant,final_third
111.0,1429,0.004624475741728369,0.004763074248212084,0.9709014600106769,tolerant,final_third
113.0,1414,0.004575933309169989,0.004669852417671704,0.9798882062854266,tolerant,final_third
115.0,1347,0.004359110443742557,0.004578455104079082,0.9520919927463951,tolerant,final_third
117.0,1293,0.004184357686532388,0.004488846598394038,0.9321676726554687,tolerant,final_third
119.0,1290,0.004174649200020712,0.004400991890465786,0.9485700732747501,tolerant,final_third
121.0,1257,0.004067855848392274,0.004314856655354431,0.9427557328803389,tolerant,final_third
123.0,1265,0.0040937451457567445,0.0042304072399201725,0.9676952864315713,tolerant,final_third
125.0,1262,0.004084036659245068,0.004147610649674982,0.9846721411917256,tolerant,final_third
127.0,1188,0.003844560658623725,0.004066434535891617,0.945437735365081,tolerant,final_third
129.0,1197,0.003873686118158753,0.003986847182964936,0.9716164027330421,tolerant,final_third
131.0,1178,0.003812199036918138,0.003908817496020573,0.9752819211434663,tolerant,final_third
133.0,1196,0.0038704499559881946,0.0038323149887661283,1.00995089582507,tolerant,final_third
135.0,1145,0.0037054056852897014,0.003757309771580144,0.9861858378877784,tolerant,final_third
137.0,1063,0.0034400403873038887,0.00368377253983419,0.9338362643472901,tolerant,final_third
139.0,1112,0.0035986123336612646,0.0036116745624435093,0.996383331732578,tolerant,final_third
141.0,1052,0.003404442603427743,0.0035409876706417507,0.9614387058316808,tolerant,final_third
143.0,1097,0.003550069901102884,0.0034716842469753964,1.0225785666411855,tolerant,final_third
145.0,1039,0.00336237249521048,0.0034037372145135926,0.9878472641405063,tolerant,final_third
147.0,1027,0.0033235385491637757,0.0033371200262691564,0.9959301802157339,tolerant,final_third
149.0,986,0.0031908559001708695,0.0032718066548266377,0.9752580872905958,tolerant,final_third
151.0,1022,0.003307357738310982,0.003207771582173377,1.0310452766309912,tolerant,final_third
153.0,946,0.003061409413348522,0.0031449897897295864,0.9734242773525026,tolerant,final_third
155.0,987,0.003194092062341428,0.0030834367485735622,1.0358870062176746,tolerant,final_third
157.0,915,0.0029610883860612023,0.003023088409858203,0.9794911642031968,tolerant,final_third
159.0,927,0.0029999223321079066,0.0029639211954151,1.0121464554282,tolerant,final_third
161.0,973,0.0031487857919536063,0.0029059119885425123,1.0835792014240975,tolerant,final_third
163.0,899,0.0029093097913322633,0.0028490381249736516,1.0211550929523519,tolerant,final_third
165.0,891,0.0028834204939677936,0.0027932773840217188,1.0322714494671088,tolerant,final_third
167.0,867,0.0028057526018743853,0.0027386079798982594,1.0245177924219078,tolerant,final_third
169.0,816,0.0026407083311758917,0.002685008553201428,0.9835009009663245,tolerant,final_third
171.0,830,0.0026860146015637134,0.002632458162570845,1.0203446496336965,tolerant,final_third
173.0,858,0.0027766271423393567,0.0025809362765057816,1.0758216572857477,tolerant,final_third
175.0,855,0.002766918655827681,0.002530422765343478,1.0934610191321532,tolerant,final_third
177.0,807,0.0026115828716408635,0.00248089789339446,1.0526764840239335,tolerant,final_third
179.0,765,0.0024756640604773985,0.0024323423112317805,1.0178107123514533,tolerant,final_third
1.0,4,4.2787155295980145e-05,0.005771676288982506,0.007413297827817563,tolerant,box
3.0,41,0.0004385683417837965,0.005721358138211247,0.07665458640925292,tolerant,box
5.0,70,0.0007487752176796525,0.005671478666979565,0.13202469085164073,tolerant,box
7.0,86,0.0009199238388635731,0.005622034050827787,0.16362829370059112,tolerant,box
9.0,72,0.0007701687953276426,0.005573020498638329,0.13819593800450222,tolerant,box
11.0,88,0.0009413174165115632,0.005524434252345012,0.170391640757059,tolerant,box
13.0,98,0.0010482853047515137,0.0054762715866449214,0.1914231769125522,tolerant,box
15.0,92,0.0009841045718075433,0.005428528808712769,0.18128384438672576,tolerant,box
17.0,111,0.001187343559463449,0.005381202257917751,0.22064652145650626,tolerant,box
19.0,117,0.0012515242924074192,0.005334288305542872,0.23461879462101012,tolerant,box
21.0,106,0.001133859615343474,0.005287783354506716,0.21443004361687748,tolerant,box
23.0,109,0.001165949981815459,0.005241683839087648,0.22243805952600162,tolerant,box
25.0,92,0.0009841045718075433,0.005195986224650407,0.18939707098121786,tolerant,box
27.0,129,0.0013798857582953596,0.005150687007375103,0.26790324403706645,tolerant,box
29.0,133,0.0014226729135913398,0.005105782713988553,0.27863953350258636,tolerant,box
31.0,116,0.0012408275035834242,0.00506126990149798,0.24516129898865452,tolerant,box
33.0,124,0.0013264018141753845,0.0050171451569270215,0.26437381672006466,tolerant,box
35.0,126,0.0013477953918233747,0.004973405097054043,0.2710005248962588,tolerant,box
37.0,142,0.0015189440130072953,0.004930046368152733,0.3080993361075501,tolerant,box
39.0,147,0.0015724279571272704,0.004887065645734958,0.32175298453368645,tolerant,box
41.0,161,0.001722183000663201,0.004844459634295865,0.3554953762998002,tolerant,box
43.0,146,0.0015617311683032754,0.004802225067061196,0.32520990717725845,tolerant,box
45.0,140,0.001497550435359305,0.004760358705736815,0.3145877291882592,tolerant,box
47.0,155,0.0016580022677192307,0.0047188573402604135,0.3513567264628798,tolerant,box
49.0,174,0.0018612412553751364,0.004677717788555385,0.3978951573198566,tolerant,box
51.0,197,0.0021072673983270223,0.004636936896286837,0.4544524640856076,tolerant,box
53.0,195,0.0020858738206790324,0.004596511536619739,0.45379497126487744,tolerant,box
55.0,175,0.0018719380441991314,0.004556438609979178,0.4108335927316896,tolerant,box
57.0,176,0.0018826348330231264,0.004516715043812695,0.4168150558008056,tolerant,box
59.0,161,0.001722183000663201,0.004477337792354705,0.38464442053130793,tolerant,box
61.0,191,0.002043086665383052,0.0044383038363929655,0.4603305092883141,tolerant,box
63.0,174,0.0018612412553751364,0.004399610183037079,0.4230468559581134,tolerant,box
65.0,193,0.002064480243031042,0.004361253865489018,0.47336850976904926,tolerant,box
67.0,201,0.0021500545536230022,0.004323231942815649,0.49732574658548334,tolerant,box
69.0,209,0.0022356288642149625,0.004285541499723237,0.5216677669226493,tolerant,box
71.0,220,0.002353293541278908,0.00424817964633392,0.5539533958526791,tolerant,box
73.0,198,0.0021179641871510173,0.004211143517964131,0.5029427703226184,tolerant,box
75.0,208,0.0022249320753909676,0.004174430274904949,0.5329905948522828,tolerant,box
77.0,205,0.0021928417089189826,0.004138037102204371,0.5299231627843152,tolerant,box
79.0,216,0.002310506385982928,0.004101961209451471,0.5632687068466689,tolerant,box
81.0,202,0.0021607513424469972,0.004066199830562459,0.5313932990224217,tolerant,box
83.0,217,0.002321203174806923,0.004030750223568582,0.5758737321986354,tolerant,box
85.0,229,0.0024495646406948635,0.003995609670405895,0.6130640484824995,tolerant,box
87.0,223,0.002385383907750893,0.0039607754767068525,0.6022517362519617,tolerant,box
89.0,224,0.002396080696574888,0.003926244971593723,0.6102728469340216,tolerant,box
91.0,198,0.0021179641871510173,0.0038920155074737973,0.5441818469335264,tolerant,box
93.0,220,0.002353293541278908,0.003858084459836393,0.6099642363398915,tolerant,box
95.0,226,0.002417474274222878,0.003824449227051617,0.6321104375300027,tolerant,box
97.0,238,0.0025458357401108187,0.003791107230170892,0.6715282859451221,tolerant,box
99.0,197,0.0021072673983270223,0.0037580559127292175,0.5607333811051947,tolerant,box
101.0,225,0.002406777485398883,0.0037252927405491527,0.6460639882609858,tolerant,box
103.0,232,0.0024816550071668484,0.003692815201546515,0.6720225279964065,tolerant,box
105.0,225,0.002406777485398883,0.0036606208055377644,0.6574779561319012,tolerant,box
107.0,234,0.0025030485848148384,0.003628707084049076,0.6897907510412286,tolerant,box
109.0,220,0.002353293541278908,0.0035970715901270656,0.6542248277009629,tolerant,box
111.0,231,0.0024709582183428534,0.003565711898151178,0.6929775284492405,tolerant,box
113.0,221,0.002363990330102903,0.0035346256036477017,0.6688092587976748,tolerant,box
115.0,237,0.0025351389512868238,0.0035038103231054083,0.723537725364067,tolerant,box
117.0,211,0.002257022441862953,0.0034732636937928013,0.6498275515033776,tolerant,box
119.0,237,0.0025351389512868238,0.0034429833735769534,0.7363204163989442,tolerant,box
121.0,242,0.0025886228954067987,0.0034129670407439276,0.7584670067140625,tolerant,box
123.0,241,0.0025779261065828037,0.0033832123938207603,0.7619758402668526,tolerant,box
125.0,224,0.002396080696574888,0.003353717151399,0.714455211458535,tolerant,box
127.0,262,0.0028025586718866996,0.0033244790519597815,0.8430068675675939,tolerant,box
129.0,244,0.002610016473054789,0.0032954958537004253,0.791995071128392,tolerant,box
131.0,243,0.002599319684230794,0.003266765334362552,0.7956860741997566,tolerant,box
133.0,247,0.002642106839526774,0.0032382852910616904,0.8158968719709511,tolerant,box
135.0,248,0.002652803628350769,0.0032100535401183745,0.826404792068653,tolerant,box
137.0,249,0.002663500417174764,0.0031820679168907138,0.8370344338147703,tolerant,box
139.0,239,0.0025565325289348137,0.0031543262756084166,0.8104844919512016,tolerant,box
141.0,225,0.002406777485398883,0.0031268264892082703,0.7697189126756734,tolerant,box
143.0,221,0.002363990330102903,0.0030995664491710487,0.762684191118126,tolerant,box
145.0,228,0.0024388678518708685,0.003072544065359842,0.7937617166721544,tolerant,box
147.0,239,0.0025565325289348137,0.0030457572658598017,0.8393750078482101,tolerant,box
149.0,253,0.0027062875724707443,0.0030192039968192728,0.8963579722740876,tolerant,box
151.0,255,0.0027276811501187343,0.002992882222292323,0.9113894057713823,tolerant,box
153.0,221,0.002363990330102903,0.002966789924082634,0.7968175673354684,tolerant,box
155.0,228,0.0024388678518708685,0.0029409251015887583,0.8292859449407037,tolerant,box
157.0,219,0.0023425967524549132,0.002915285771650729,0.8035564730000583,tolerant,box
159.0,223,0.002385383907750893,0.0028898699683979983,0.8254294946956497,tolerant,box
161.0,240,0.0025672293177588087,0.0028646757430987107,0.8961675065471266,tolerant,box
163.0,214,0.002289112808334938,0.0028397011640102806,0.8061104588562441,tolerant,box
165.0,210,0.0022463256530389575,0.002814944316231283,0.7980000315055588,tolerant,box
167.0,188,0.002010996298911067,0.0027904033015546275,0.7206830273568962,tolerant,box
169.0,227,0.0024281710630468735,0.0027660762383220155,0.8778395292965152,tolerant,box
171.0,233,0.0024923517959908434,0.002741961261279667,0.9089668155368719,tolerant,box
173.0,207,0.0022142352865669726,0.0027180565214353007,0.8146391618809017,tolerant,box
175.0,218,0.002331899963630918,0.0026943601859163702,0.8654744736134166,tolerant,box
177.0,198,0.0021179641871510173,0.002670870437829525,0.7929864950215162,tolerant,box
179.0,190,0.002032389876559057,0.0026475854761213043,0.7676390034955529,tolerant,box
